"2-Oxocarboxylic acid metabolism","Pyruvate; 3-Methyl-2-oxobutanoic acid; L-Aspartate 4-semialdehyde; L-Valine; L-2,4-Diaminobutanoate; 2-Methylmaleate; 4-Methyl-2-oxopentanoate; (S)-3-Methyl-2-oxopentanoic acid; L-Leucine; L-Isoleucine; 3-Hydroxy-3-methyl-2-oxobutanoic acid; (S)-2-Acetolactate; L-Ornithine; L-Aspartate; (R)-2,3-Dihydroxy-3-methylbutanoate; (E)-Phenylacetaldoxime; 2-Oxoglutarate; (S)-2-Aceto-2-hydroxybutanoate; (R)-3-Hydroxy-3-methyl-2-oxopentanoate; L-Lysine; L-Glutamate; (R)-2-Methylmalate; D-erythro-3-Methylmalate; (R)-2,3-Dihydroxy-3-methylpentanoate; L-Methionine; 3-Phenylpropionaldoxim; (E)-4-Hydroxyphenylacetaldehyde-oxime; Phenylpyruvate; L-Phenylalanine; (2S)-2-Isopropyl-3-oxosuccinate; 2-Oxopimelate; N-Acetylornithine; alpha-Isopropylmalate; (2R,3S)-3-Isopropylmalate; 2-Oxo-4-phenylbutyric acid; L-Homophenylalanine; 3-(4-Hydroxyphenyl)pyruvate; L-Tyrosine; Oxalosuccinate; L-Tryptophan; (R)-2-Hydroxybutane-1,2,4-tricarboxylate; Homoisocitrate; S-(Phenylacetothiohydroximoyl)-L-cysteine"
"ABC transporters","Glycine; L-Alanine; Sulfate; L-Serine; L-Proline; L-Valine; Betaine; L-Threonine; Erythritol; Taurine; 2-Aminoethylphosphonate; 5-Aminolevulinate; Hydroxyproline; L-Leucine; L-Isoleucine; L-Ornithine; L-Aspartate; (E)-4-(Trimethylammonio)but-2-enoate; L-Glutamine; L-Lysine; L-Glutamate; D-Methionine; D-Ribose; D-Xylose; L-Arabinose; Xylitol; D-Rhamnose; L-Phenylalanine; L-Arginine; D-Glucose; D-Fructose; myo-Inositol; D-Mannose; D-Allose; Mannitol; D-Sorbitol; D-Galacturonate; Pectate; Methyl beta-D-galactoside; L-Cystine; Uridine; Deoxyadenosine; Guanosine; Sucrose; Cellobiose; Maltose; Lactose; alpha,alpha-Trehalose; Melibiose"
"Aflatoxin biosynthesis","Sterigmatocystin; Dihydrosterigmatocystin; Dihydro-O-methylsterigmatocystin; Norsolorinic acid; (1'S)-Averantin; 5'-Oxoaverantin; Versicolorone"
"African trypanosomiasis","L-Tryptophan"
"AGE-RAGE signaling pathway in diabetic complications","D-Glucose"
"Alanine, aspartate and glutamate metabolism","Pyruvate; L-Alanine; 4-Aminobutanoate; (S)-1-Pyrroline-5-carboxylate; Fumarate; Succinate; 2-Oxosuccinamate; L-Asparagine; L-Aspartate; D-Aspartate; 2-Oxoglutaramate; 2-Oxoglutarate; L-Glutamine; L-Glutamate; N6-(1,2-Dicarboxyethyl)-AMP"
"Alcoholic liver disease","Acetate"
"Alcoholism","L-Glutamate; Dopamine; L-Tyrosine"
"Aldosterone synthesis and secretion","Arachidonate; AMP; NADH"
"alpha-Linolenic acid metabolism","3-Hexenal; 3,6-Nonadienal; (Z)-3-Hexen-1-ol acetate; 9-Oxononanoic acid; (-)-Jasmonic acid; (+)-7-Isojasmonic acid; Traumatin; 12-Oxo-9(Z)-dodecenoic acid; 8-[(1R,2R)-3-Oxo-2-{(Z)-pent-2-enyl}cyclopentyl]octanoate; Traumatic acid; Heptadecatrienoic acid; Stearidonic acid; (9Z,12Z,15Z)-Octadecatrienoic acid; 13(S)-HPOT; 9(S)-HPOT; 2(R)-HPOT; Phosphatidylcholine; Phosphatidylcholine; Phosphatidylcholine"
"Amino sugar and nucleotide sugar metabolism","D-Xylose; D-Arabinose; L-Arabinose; 6-Deoxy-L-galactose; D-Glucose; D-Mannose; alpha-D-Glucose; alpha-D-Galactose; beta-D-Fructose; D-Glucuronate; D-Galacturonate"
"Aminoacyl-tRNA biosynthesis","Glycine; L-Alanine; L-Serine; L-Proline; L-Valine; L-Threonine; L-Cysteine; L-Leucine; L-Isoleucine; L-Asparagine; L-Aspartate; L-Glutamine; L-Lysine; L-Glutamate; L-Methionine; L-Phenylalanine; L-Arginine; L-Tyrosine; O-Phospho-L-serine; L-Tryptophan"
"Aminobenzoate degradation","Cyclopropanecarboxylate; Benzaldehyde; 2-Aminophenol; 4-Hydroxyaniline; Hydroxylaminobenzene; Catechol; Hydroquinone; Benzamide; Benzoate; 4-Hydroxybenzaldehyde; Nitrobenzene; o-Methoxyphenol; 1,2,3-Trihydroxybenzene; Phloroglucinol; Benzene-1,2,4-triol; Dihydrophloroglucinol; 4-Hydroxybenzoate; 3-Hydroxy-5-oxohexanoate; (R)-Mandelamide; 4-Hydroxy-3-methoxy-benzaldehyde; (R)-Mandelate; (S)-Mandelate; 3-Hydroxyanthranilate; o-Hydroxylaminobenzoate; 2,3-Dihydroxybenzoate; 3,4-Dihydroxybenzoate; 3-O-Methylgallate; 4-Sulfocatechol; Syringic acid"
"Amoebiasis","L-Arginine; Arachidonate"
"Amphetamine addiction","L-Glutamate; Dopamine; L-Tyrosine"
"AMPK signaling pathway","Pyruvate; D-Glucose; AMP; ADP"
"Amyotrophic lateral sclerosis","L-Glutamate; L-Arginine; ADP"
"Anthocyanin biosynthesis","Pelargonidin 3-O-glucoside; Peonidin 3-O-glucoside"
"Anticonvulsants","Nirvanol"
"Antifolate resistance","L-Methionine; AMP; IMP; 5-Methyltetrahydrofolate"
"Arachidonic acid metabolism","Arachidonate; Leukotriene A4; 15-OxoETE; 5-OxoETE; 12-OxoETE; 2,3-Dinor-8-iso prostaglandin F2alpha; 12-Keto-leukotriene B4; Prostaglandin A2; Prostaglandin B2; Prostaglandin C2; Prostaglandin J2; delta-12-Prostaglandin J2; 5,6-Epoxytetraene; Leukotriene B4; 5,6-DHET; 8,9-DHET; 11,12-DHET; 14,15-DHET; (5Z,13E)-11alpha-Hydroxy-9,15-dioxoprost-13-enoate; (5Z,13E)-9alpha-Hydroxy-11,15-dioxoprosta-5,13-dienoate; (5Z,13E)-6,9alpha-Epoxy-11alpha-hydroxy-15-oxoprosta-5,13-dienoate; Prostaglandin F2alpha; 11-epi-Prostaglandin F2alpha; 9,11,15-Trihydroxy-prosta-5,13-dien-1-oic acid; 11,12,15-THETA; Trioxilin A3; Trioxilin B3; 11,14,15-THETA; 20-COOH-Leukotriene B4; Phosphatidylcholine; Phosphatidylcholine; Phosphatidylcholine"
"Arginine and proline metabolism","Glyoxylate; Pyruvate; Sarcosine; 4-Aminobutanoate; 1-Pyrroline-2-carboxylate; (S)-1-Pyrroline-5-carboxylate; Creatinine; N-Methylhydantoin; L-Proline; D-Proline; L-Aspartate 4-semialdehyde; 5-Aminopentanoate; L-1-Pyrroline-3-hydroxy-5-carboxylate; 5-Amino-2-oxopentanoic acid; Hydroxyproline; L-Glutamate 5-semialdehyde; trans-3-Hydroxy-L-proline; cis-3-Hydroxy-L-proline; N-Carbamoylsarcosine; L-Ornithine; 4-Acetamidobutanoate; L-Glutamate; L-4-Hydroxyglutamate semialdehyde; L-Arginine"
"Arginine biosynthesis","Fumarate; L-Ornithine; L-Aspartate; 2-Oxoglutarate; L-Glutamine; L-Glutamate; N-Acetylornithine; L-Arginine; L-Citrulline"
"Ascorbate and aldarate metabolism","Pyruvate; 2,5-Dioxopentanoate; 3-Dehydro-L-threonate; Threonate; 2-Oxoglutarate; Dehydro-D-arabinono-1,4-lactone; D-Arabinono-1,4-lactone; 2-Dehydro-3-deoxy-L-arabinonate; L-Arabinono-1,4-lactone; 2-Dehydro-3-deoxy-D-xylonate; D-Arabinose; L-Arabinose; L-Arabinonate; D-Arabinonate; L-Xylonate; L-Lyxonate; Ascorbate; Monodehydroascorbate; D-Glucuronolactone; L-xylo-Hexulonolactone; myo-Inositol; L-Galactose; L-Gulose; D-Glucuronate; D-Galacturonate; D-Tagaturonate; 3-Dehydro-L-gulonate; L-Gulonate; L-Galactonate; beta-D-Glucuronoside; beta-D-Glucuronoside; beta-D-Glucuronoside; beta-D-Glucuronoside; beta-D-Glucuronoside; beta-D-Glucuronoside; beta-D-Glucuronoside"
"Asthma","Histamine"
"Autophagy - animal","Phosphatidylethanolamine; Phosphatidylethanolamine"
"Autophagy - other","Phosphatidylethanolamine; Phosphatidylethanolamine"
"Autophagy - yeast","Phosphatidylethanolamine; Phosphatidylethanolamine"
"Axon regeneration","L-Tryptophan"
"Bacterial chemotaxis","Serine; L-Aspartate; D-Ribose; D-Galactose; Maltose"
"Bacterial secretion system","ATP"
"Benzoate degradation","Pyruvate; Catechol; Hydroquinone; Resorcinol; 2-Hydroxy-2,4-pentadienoate; Benzoate; Benzene-1,2,4-triol; Cyclohexane-1-carboxylate; 4-Hydroxy-2-oxopentanoate; 4-Hydroxybenzoate; 3-Hydroxybenzoate; 4-Methoxybenzoate; 2,3-Dihydroxybenzoate; 3,4-Dihydroxybenzoate; 2,5-Dihydroxybenzoate; (1R,6S)-1,6-Dihydroxycyclohexa-2,4-diene-1-carboxylate; Parapyruvate; 3-Sulfocatechol; 3-Hydroxypimeloyl-CoA"
"Benzoic acid family","4-Hydroxybenzoate"
"Benzoxazinoid biosynthesis","Indole; Indolin-2-one"
"beta-Alanine metabolism","3-Oxopropanoate; beta-Alanine; 3-Hydroxypropanoate; 4-Aminobutanoate; 5,6-Dihydrouracil; N-Acetyl-beta-alanine; 3-Ureidopropionate; L-Aspartate"
"Betalain biosynthesis","Dopamine quinone; 2-Descarboxy-cyclo-dopa; Dopamine; L-Tyrosine; 2-Carboxy-2,3-dihydro-5,6-dihydroxyindole"
"Bile secretion","Salicylate; Valproic acid; 2-Oxoglutarate; Acetaminophen; Dopamine; Urate; Aspirin; D-Glucose; beta-D-Glucuronoside; beta-D-Glucuronoside; Leukotriene B4; Prostaglandin F2alpha; beta-D-Glucuronoside; Dehydroepiandrosterone sulfate; Lithocholic acid; beta-D-Glucuronoside; Chenodeoxycholate; Deoxycholic acid; Cholic acid; beta-D-Glucuronoside; beta-D-Glucuronoside; Glycocholate; Taurochenodeoxycholate; Taurocholate; beta-D-Glucuronoside; Docetaxel anhydrous"
"Biofilm formation - Escherichia coli","Glycine"
"Biofilm formation - Vibrio cholerae","D-Glucose; CAI-1"
"Biosynthesis of 12-, 14- and 16-membered macrolides; Including: Tylosin biosynthesis, Mycinamicin biosynthesis, Erythromycin biosynthesis, Oleandomycin biosynthesis, Pikromycin/methymycin biosynthesis, Avermectin biosynthesis","6-Deoxyerythronolide B"
"Biosynthesis of alkaloids derived from histidine and purine","Pyruvate; 3-Methylbutanoic acid; Histamine; Fumarate; Succinate; L-Leucine; (S)-Malate; 2-Oxoglutarate; Xanthine; D-Glyceraldehyde 3-phosphate; alpha-D-Glucose; Theophylline; Theobromine; 3-Phospho-D-glycerate; AMP; IMP"
"Biosynthesis of alkaloids derived from ornithine, lysine and nicotinic acid","Pyruvate; Fumarate; Succinate; Nicotinate; L-Isoleucine; L-Ornithine; L-Aspartate; (S)-Malate; L-2-Aminoadipate 6-semialdehyde; 2-Oxoglutarate; L-Lysine; L-Glutamate; Anatabine; L-Phenylalanine; D-Glyceraldehyde 3-phosphate; L-Arginine; alpha-D-Glucose; 3-Phospho-D-glycerate; Cytisine; Lobelanine"
"Biosynthesis of alkaloids derived from shikimate pathway","Pyruvate; Fumarate; L-Valine; Succinate; Benzoate; (S)-Malate; 4-Hydroxyphenylacetaldehyde; Tyramine; 3,4-Dihydroxybenzaldehyde; 2-Oxoglutarate; Pyruvophenone; D-Cathinone; N-Methylanthranilate; 4-Hydroxy-3-methoxy-benzaldehyde; Dopamine; Vanillylamine; Tryptamine; L-Phenylalanine; D-Glyceraldehyde 3-phosphate; 8-Methyl-6-nonenoic acid; Shikimate; N-Acetylanthranilate; (-)-Salsolinol; 3-(4-Hydroxyphenyl)pyruvate; alpha-D-Glucose; L-Tyrosine; 3-Phospho-D-glycerate; 2-Phospho-D-glycerate; L-Tryptophan; 3-Phospho-D-glyceroyl phosphate; Norgalanthamine; 4'-O-Methylnorbelladine; (S)-Scoulerine; (S)-Isoboldine"
"Biosynthesis of alkaloids derived from terpenoid and polyketide","Pyruvate; Fumarate; Succinate; (S)-Malate; Octanoic acid; 2-Oxoglutarate; D-Glyceraldehyde 3-phosphate; Gentianine; alpha-D-Glucose; 3-Phospho-D-glycerate"
"Biosynthesis of amino acids","Glycine; Pyruvate; L-Alanine; L-Serine; (S)-1-Pyrroline-5-carboxylate; L-Proline; 3-Methyl-2-oxobutanoic acid; L-Aspartate 4-semialdehyde; L-Valine; L-2,4-Diaminobutanoate; L-Threonine; L-Homoserine; L-Cysteine; 4-Methyl-2-oxopentanoate; (S)-3-Methyl-2-oxopentanoic acid; L-Glutamate 5-semialdehyde; L-Leucine; L-Isoleucine; (S)-2-Acetolactate; L-Asparagine; L-Ornithine; L-Aspartate; (R)-2,3-Dihydroxy-3-methylbutanoate; L-2-Aminoadipate 6-semialdehyde; 2-Oxoglutarate; (S)-2-Aceto-2-hydroxybutanoate; L-Glutamine; L-Lysine; L-Glutamate; O-Acetyl-L-serine; (R)-2-Methylmalate; D-erythro-3-Methylmalate; (R)-2,3-Dihydroxy-3-methylpentanoate; L-Methionine; Phenylpyruvate; L-Phenylalanine; Glycerone phosphate; D-Glyceraldehyde 3-phosphate; 2,3,4,5-Tetrahydrodipicolinate; Shikimate; N-Acetylornithine; L-Arginine; L-Citrulline; alpha-Isopropylmalate; (2R,3S)-3-Isopropylmalate; 3-(4-Hydroxyphenyl)pyruvate; L-Tyrosine; O-Phospho-L-serine; 3-Phospho-D-glycerate; 2-Phospho-D-glycerate; 3-Dehydroquinate; LL-2,6-Diaminoheptanedioate; meso-2,6-Diaminoheptanedioate; S-Sulfo-L-cysteine; L-Tryptophan; (R)-2-Hydroxybutane-1,2,4-tricarboxylate; Homoisocitrate; 3-Phospho-D-glyceroyl phosphate; N-Succinyl-LL-2,6-diaminoheptanedioate"
"Biosynthesis of ansamycins","3-Amino-5-hydroxybenzoate; 5-Amino-5-deoxy-3-dehydroshikimate"
"Biosynthesis of cofactors","Glycine; Pyruvate; beta-Alanine; L-Serine; 3-Methyl-2-oxobutanoic acid; L-Valine; L-Cysteine; Nicotinate; Iminoaspartate; 5-Aminolevulinate; (S)-4-Amino-5-oxopentanoate; L-Aspartate; Tyramine; 4-Hydroxybenzoate; Octanoic acid; 2-Oxoglutarate; 2-Dehydropantoate; L-Glutamine; L-Glutamate; (R)-Pantoate; L-Methionine; 3-Hydroxyanthranilate; Pimelate; 3-Amino-2-oxopropyl phosphate; D-Glyceraldehyde 3-phosphate; (2S)-2-Phospholactate; Shikimate; 2-Oxopimelate; Ascorbate; 3-(4-Hydroxyphenyl)pyruvate; L-Galactose; L-Tyrosine; 3-Phospho-D-glycerate; 8-Amino-7-oxononanoate; D-Glucuronate; D-Galacturonate; L-Gulonate; L-Galactonate; L-Tryptophan; (R)-2-Hydroxybutane-1,2,4-tricarboxylate; Homoisocitrate; 2-Oxo-3-hydroxy-4-phosphobutanoate; 6-Pyruvoyltetrahydropterin; Biopterin; beta-D-Glucuronoside; beta-D-Glucuronoside; AMP; IMP; beta-D-Glucuronoside; beta-D-Glucuronoside; beta-D-Glucuronoside; ADP; alpha-Tocopherol; beta-D-Glucuronoside; N6-(1,2-Dicarboxyethyl)-AMP; ATP; beta-D-Glucuronoside"
"Biosynthesis of enediyne antibiotics",NA
"Biosynthesis of nucleotide sugars","D-Arabinose; L-Arabinose; 6-Deoxy-L-galactose; myo-Inositol; D-Mannose; alpha-D-Glucose; alpha-D-Galactose; beta-D-Fructose; D-Glucuronate; D-Galacturonate; ADP-D-glycero-beta-D-manno-heptose"
"Biosynthesis of phenylpropanoids","Pyruvate; Fumarate; Succinate; 4-Hydroxybenzaldehyde; Salicylaldehyde; (S)-Malate; 4-Hydroxybenzoate; Salicylate; 2-Oxoglutarate; 4-Hydroxycinnamyl aldehyde; 4-Hydroxy-3-methoxy-benzaldehyde; Methyl salicylate; 2,3-Dihydroxybenzoate; 3,4-Dihydroxybenzoate; Umbelliferone; 4-Coumarate; L-Phenylalanine; D-Glyceraldehyde 3-phosphate; Shikimate; Coniferyl aldehyde; Caffeate; alpha-D-Glucose; 3-Phospho-D-glycerate; 2-Phospho-D-glycerate; L-Tryptophan; Sinapyl alcohol; Daidzein; 3-Phospho-D-glyceroyl phosphate; Naringenin; Naringenin chalcone"
"Biosynthesis of plant hormones","Pyruvate; 1-Aminocyclopropane-1-carboxylate; Fumarate; Succinate; L-Aspartate; (S)-Malate; Salicylate; 2-Oxoglutarate; trans-Cinnamate; (R)-Mevalonate; L-Methionine; L-Phenylalanine; D-Glyceraldehyde 3-phosphate; Shikimate; Indole-3-acetate; alpha-D-Glucose; 3-Phospho-D-glycerate; L-Tryptophan; (-)-Jasmonic acid; 8-[(1R,2R)-3-Oxo-2-{(Z)-pent-2-enyl}cyclopentyl]octanoate; Zeatin; cis-Zeatin; (9Z,12Z,15Z)-Octadecatrienoic acid; Strigol; AMP; IMP"
"Biosynthesis of plant secondary metabolites","Glycine; Pyruvate; L-Alanine; 1-Aminocyclopropane-1-carboxylate; L-Serine; Fumarate; L-Valine; Succinate; L-Threonine; L-Cysteine; Nicotinate; 5-Aminolevulinate; L-Leucine; L-Isoleucine; L-Asparagine; L-Ornithine; L-Aspartate; (S)-Malate; Cinnamyl alcohol; 4-Hydroxyphenylacetaldehyde; Tyramine; Octanoic acid; L-2-Aminoadipate 6-semialdehyde; 2-Oxoglutarate; L-Glutamine; L-Lysine; L-Glutamate; trans-Cinnamate; (R)-Mevalonate; L-Methionine; Xanthine; Dopamine; Tryptamine; Phenylpyruvate; L-Phenylalanine; D-Glyceraldehyde 3-phosphate; Shikimate; L-Arginine; 3-(4-Hydroxyphenyl)pyruvate; alpha-D-Glucose; Theophylline; Theobromine; 1,7-Dimethylxanthine; L-Tyrosine; 3-Phospho-D-glycerate; 2-Phospho-D-glycerate; L-Tryptophan; (-)-Jasmonic acid; Zeatin; Hexadecanoic acid; 3-Phospho-D-glyceroyl phosphate; (9Z,12Z,15Z)-Octadecatrienoic acid; Crepenynate; Linoleate; (9Z)-Octadecenoic acid; Octadecanoic acid; AMP; IMP; Hecogenin; alpha-Tocopherol; Castasterone; alpha-Carotene"
"Biosynthesis of secondary metabolites",NA
"Biosynthesis of siderophore group nonribosomal peptides","Salicylate; 2,3-Dihydroxybenzoate; 3,4-Dihydroxybenzoate; (2S,3S)-2,3-Dihydro-2,3-dihydroxybenzoate"
"Biosynthesis of terpenoids and steroids","Pyruvate; Fumarate; Succinate; (S)-Malate; 2-Oxoglutarate; (R)-Mevalonate; Geranial; cis-Citral; D-Glyceraldehyde 3-phosphate; alpha-D-Glucose; 3-Phospho-D-glycerate; 2-Phospho-D-glycerate; Xanthoxin; 3-Phospho-D-glyceroyl phosphate; alpha-Carotene"
"Biosynthesis of type II polyketide products","Dihydrokalafungin; (S)-Chiral alcohol; (S)-Hemiketal; Dihydrokalafungin dihydroquinone form; 2,3-Dehydro-UWM6"
"Biosynthesis of unsaturated fatty acids","Hexadecanoic acid; (6Z,9Z,12Z)-Octadecatrienoic acid; (9Z,12Z,15Z)-Octadecatrienoic acid; Linoleate; (9Z)-Octadecenoic acid; Octadecanoic acid; (5Z,8Z,11Z,14Z,17Z)-Icosapentaenoic acid; Arachidonate; Icosadienoic acid; Icosenoic acid; Icosanoic acid; (4Z,7Z,10Z,13Z,16Z,19Z)-Docosahexaenoic acid; (7Z,10Z,13Z,16Z,19Z)-Docosa-7,10,13,16,19-pentaenoic acid; 7,10,13,16-Docosatetraenoic acid; Erucic acid; Docosanoic acid; (15Z)-Tetracosenoic acid; Tetracosanoic acid"
"Biosynthesis of vancomycin group antibiotics","3-(4-Hydroxyphenyl)pyruvate; L-Tyrosine; 3,5-Dihydroxy-phenylglycine"
"Biosynthesis of various alkaloids; Including: Cucurbitacin biosynthesis, Solanine and tomatine biosynthesis, Ephedrine biosynthesis, Capsaicin biosynthesis, Acridone alkaloid biosynthesis","Benzoate; Salicylate; trans-Cinnamate; Pyruvophenone; D-Cathinone; N-Methylanthranilate; 4-Hydroxy-3-methoxy-benzaldehyde; Vanillylamine; L-Phenylalanine; 8-Methyl-6-nonenoic acid; Shikimate; N-Acetylanthranilate; L-Tryptophan"
"Biosynthesis of various antibiotics; Including: Kanosamine biosynthesis, Aurachin biosynthesis, Bacilysin biosynthesis, Puromycin biosynthesis, Dapdiamides biosynthesis, Fosfomycin biosynthesis, Cremeomycin biosynthesis, Pentalenolactone biosynthesis, Terpentecin biosynthesis, Roseoflavin biosynthesis, Cycloserine biosynthesis","Pyruvate; Cycloserine; L-Serine; L-Aspartate 4-semialdehyde; L-Ornithine; L-Aspartate; 2-Oxoglutarate; L-Glutamate; O-Acetyl-L-serine; 3-Amino-4-hydroxybenzoate; L-Arginine; 3-(4-Hydroxyphenyl)pyruvate; L-Tyrosine; O-Phospho-L-serine; 3-Phospho-D-glycerate; 1-Deoxypentalenate; 1-Deoxy-11-oxopentalenate; 1-Deoxy-11beta-hydroxypentalenate; Pentalenate; ATP"
"Biosynthesis of various other secondary metabolites; Including: Ditryptophenaline biosynthesis, Fumiquinazoline D biosynthesis, Paerucumarin biosynthesis, Staphyloferrin B biosynthesis, Cyclooctatin biosynthesis, Lovastatin biosynthesis, Grixazone biosynthesis, Staphyloferrin A biosynthesis, Ethynylserine biosynthesis, Aerobactin biosynthesis","Pyruvate; L-Alanine; L-Serine; L-Aspartate 4-semialdehyde; L-Ornithine; D-Ornithine; L-Aspartate; 2-Oxoglutarate; L-Lysine; L-Glutamate; 3-Amino-4-hydroxybenzoate; L-Phenylalanine; L-Tyrosine; O-Phospho-L-serine; 3-Phospho-D-glycerate; L-Tryptophan; Aerobactin"
"Biosynthesis of various plant secondary metabolites; Including: Crocin biosynthesis, Cannabidiol biosynthesis, Mugineic acid biosynthesis, Pentagalloylglucose biosynthesis, Benzoxazinoid biosynthesis, Gramine biosynthesis, Coumarin biosynthesis, Furanocoumarin biosynthesis, Hordatine biosynthesis, Podophyllotoxin biosynthesis","Indole; L-Aspartate; Indolin-2-one; trans-Cinnamate; Dihydrocoumarin; L-Methionine; Safranal; Umbelliferone; trans-2-Hydroxycinnamate; cis-2-Hydroxycinnamate; L-Phenylalanine; Shikimate; L-Tyrosine; L-Tryptophan; trans-beta-D-Glucosyl-2-hydroxycinnamate; cis-beta-D-Glucosyl-2-hydroxycinnamate; Cannabidiolic acid; beta-D-Glucosyl crocetin"
"Biotin metabolism","L-Lysine; Pimelate; 8-Amino-7-oxononanoate"
"Bisphenol degradation","Hydroquinone; 4-Hydroxybenzaldehyde; 4-Ethylphenol; 4'-Hydroxyacetophenone; 4-Hydroxybenzoate; 4-Hydroxyphenacyl alcohol; 4-Hydroxyphenyl acetate; Bis(4-hydroxyphenyl)methane"
"Brassinosteroid biosynthesis","3-Dehydroteasterone; Castasterone; 7-Oxateasterone; 7-Oxatyphasterol"
"Butanoate metabolism","Acetone; Propan-2-ol; 3-Butyn-1-al; Methyl acetate; Diacetyl; Pyruvate; Butanoic acid; (R)-Acetoin; (S)-Acetoin; 4-Aminobutanoate; 4-Hydroxybutanoic acid; (R)-3-Hydroxybutanoate; Fumarate; Maleic acid; Succinate; (S)-2-Acetolactate; (R)-Malate; 2-Oxoglutarate; L-Glutamate; 2-Hydroxyglutarate"
"C-type lectin receptor signaling pathway","6-Deoxy-L-galactose; D-Mannose"
"C5-Branched dibasic acid metabolism","Acetate; Glyoxylate; Pyruvate; (R)-Acetoin; Itaconate; Mesaconate; 2-Methylmaleate; (S)-2-Acetolactate; 2-Oxoglutarate; Methyloxaloacetate; L-Glutamate; L-threo-3-Methylaspartate; (R)-2-Methylmalate; (S)-2-Methylmalate; 2-Hydroxyglutarate; L-threo-3-Methylmalate; D-threo-3-Methylmalate; D-erythro-3-Methylmalate; Parapyruvate"
"Caffeine metabolism","Glyoxylate; N,N'-Dimethylurea; Xanthine; 7-Methylxanthine; 3-Methylxanthine; 1-Methylxanthine; Theophylline; Theobromine; 1,7-Dimethylxanthine; 7-Methyluric acid; 1-Methyluric acid; 1,7-Dimethyluric acid; 3,7-Dimethyluric acid; 5-Acetylamino-6-amino-3-methyluracil; 1,3,7-Trimethyluric acid"
"Calcium signaling pathway","ATP; NADH"
"cAMP signaling pathway","(S)-Lactate; 4-Aminobutanoate; (R)-3-Hydroxybutanoate; Succinate; Dopamine; Oleoylethanolamide; AMP"
"Caprolactam degradation","Cyclohexanone; trans-1,2-Cyclohexanediol; cis-1,2-Cyclohexanediol; 6-Hydroxyhexan-6-olide; Adipate semialdehyde; 6-Aminohexanoate; 6-Hydroxyhexanoic acid; Adipate"
"Carbapenem biosynthesis","(S)-1-Pyrroline-5-carboxylate; L-Proline; L-Cysteine; L-Glutamate 5-semialdehyde; L-Glutamate; (5R)-Carbapen-2-em-3-carboxylate"
"Carbohydrate digestion and absorption","Acetate; Propanoate; Butanoic acid; D-Glucose; D-Fructose; D-Galactose; Sucrose; Maltose; Lactose; Cellulose"
"Carbon fixation in photosynthetic organisms","Pyruvate; L-Alanine; L-Aspartate; (S)-Malate; Glycerone phosphate; D-Glyceraldehyde 3-phosphate; 3-Phospho-D-glycerate; Sedoheptulose; 3-Phospho-D-glyceroyl phosphate; D-Ribulose 1,5-bisphosphate"
"Carbon fixation pathways in prokaryotes","Acetate; Glyoxylate; Pyruvate; 3-Oxopropanoate; 3-Hydroxypropanoate; 4-Hydroxybutanoic acid; Fumarate; Succinate; (S)-Malate; 2-Oxoglutarate; 5-Methyltetrahydrofolate; L-Malyl-CoA"
"Carbon metabolism","Acetate; Glyoxylate; Glycine; Glycolate; Pyruvate; 3-Oxopropanoate; L-Alanine; Glycerone; D-Glyceraldehyde; 3-Hydroxypropanoate; 4-Hydroxybutanoic acid; L-Serine; D-Glycerate; Fumarate; Succinate; L-Cysteine; Mesaconate; L-Aspartate; (S)-Malate; 2-Oxoglutarate; L-Glutamate; O-Acetyl-L-serine; L-threo-3-Methylaspartate; Glycerone phosphate; D-Glyceraldehyde 3-phosphate; beta-D-Glucose; alpha-D-Glucose; O-Phospho-L-serine; 3-Phospho-D-glycerate; 2-Phospho-D-glycerate; D-Gluconic acid; 3-Phospho-D-glyceroyl phosphate; D-Ribulose 1,5-bisphosphate; 5-Methyltetrahydrofolate; L-Malyl-CoA"
"Carotenoid biosynthesis","Strigolactone ABC-rings; Abscisic aldehyde; Xanthoxin; Abscisic alcohol; Phaseic acid; 8'-Hydroxyabscisate; Carlactone; Strigol; alpha-Carotene; delta-Carotene; 7,9,7',9'-tetracis-Lycopene; Capsorubin; Neoxanthin; Violaxanthin; 9'-cis-Neoxanthin; 9-cis-Violaxanthin; (2S,2'S)-Oscillol; Nostoxanthin"
"Catecholamine transferase inhibitors","Tropolone; 1,2,3-Trihydroxybenzene"
"Cationic antimicrobial peptide (CAMP) resistance","D-Alanine"
"Central carbon metabolism in cancer","Glycine; Pyruvate; L-Alanine; (S)-Lactate; L-Serine; L-Proline; Fumarate; L-Valine; Succinate; L-Cysteine; L-Leucine; L-Isoleucine; L-Asparagine; L-Aspartate; (S)-Malate; 2-Oxoglutarate; L-Glutamine; L-Glutamate; L-Methionine; L-Phenylalanine; L-Arginine; D-Glucose; L-Tyrosine; 3-Phospho-D-glycerate; 2-Phospho-D-glycerate; L-Tryptophan"
"cGMP-PKG signaling pathway","AMP"
"Chagas disease","L-Arginine"
"Chemical carcinogenesis - DNA adducts","4-Oxo-1-(3-pyridyl)-1-butanone; 4-Hydroxy-1-(3-pyridinyl)-1-butanone; 5-(3-Pyridyl)-2-hydroxytetrahydrofuran; 3-Succinoylpyridine; gamma-Hydroxy-3-pyridinebutanoate; 1-Phenylazo-2,6-dihydroxynaphthalene; 1-(4-Hydroxyphenylazo)-2-naphthol"
"Chemical carcinogenesis - reactive oxygen species","Hydroquinone; Benzene-1,2,4-triol; 2-Hydroxyestradiol; 4-Hydroxyestradiol-17beta"
"Chemical carcinogenesis - receptor activation","Gemfibrozil; Di(2-ethylhexyl) adipate; Bis(2-ethylhexyl)phthalate"
"Chloroalkane and chloroalkene degradation","Glyoxylate; Glycolate; 3-Oxopropanoate"
"Chlorocyclohexane and chlorobenzene degradation","Glycolate; Catechol; Hydroquinone; cis-Acetylacrylate; Succinate; Benzene-1,2,4-triol"
"Cholesterol metabolism","Glycocholate; Taurochenodeoxycholate; Taurocholate; Triacylglycerol"
"Choline metabolism in cancer","Choline phosphate; 1-Acyl-sn-glycero-3-phosphocholine; 1-Acyl-sn-glycero-3-phosphocholine; 1-Acyl-sn-glycero-3-phosphocholine; Phosphatidylcholine; Phosphatidylcholine; Phosphatidylcholine"
"Cholinergic and anticholinergic drugs","Muscarine"
"Cholinergic synapse","Acetate"
"Circadian entrainment","L-Glutamate"
"Citrate cycle (TCA cycle)","Pyruvate; Fumarate; Succinate; (S)-Malate; 2-Oxoglutarate; Oxalosuccinate"
"Clavulanic acid biosynthesis","D-Glyceraldehyde 3-phosphate; L-Arginine; Clavulanate-9-aldehyde"
"Cocaine addiction","L-Glutamate; Dopamine; L-Tyrosine"
"Cortisol synthesis and secretion","AMP"
"Cushing syndrome","AMP"
"Cutin, suberine and wax biosynthesis","Hexadecanoic acid; 16-Oxo-palmitate; 16-Hydroxypalmitate; (9Z)-Octadecenoic acid; Hexadecanedioate; 18-Oxooleate; cis-9,10-Epoxystearic acid; 18-Hydroxyoleate; Octadec-9-ene-1,18-dioic-acid; 9,10-Dihydroxystearate; 9,10,18-Trihydroxystearate; Docosanoic acid; Docosanedioate"
"Cyanoamino acid metabolism","Glycine; Acetone cyanohydrin; Alanine; L-Serine; 3-Cyano-L-alanine; Phenylacetonitrile; L-Valine; L-Cysteine; gamma-Amino-gamma-cyanobutanoate; L-Isoleucine; L-Asparagine; L-Aspartate; Mandelonitrile; N-Hydroxy-L-valine; (Z)-Phenylacetaldehyde oxime; (E)-Phenylacetaldoxime; Glutamate; N-Hydroxy-L-isoleucine; (E)-4-Hydroxyphenylacetaldehyde-oxime; N,N-Dihydroxy-L-isoleucine; L-Phenylalanine; L-Tyrosine; N-Hydroxy-L-phenylalanine"
"Cysteine and methionine metabolism","Pyruvate; L-Alanine; Sulfate; 1-Aminocyclopropane-1-carboxylate; (S)-2-Aminobutanoate; L-Serine; L-Aspartate 4-semialdehyde; L-Homoserine; L-Cysteine; D-Cysteine; 3-Mercaptolactate; L-Aspartate; O-Acetyl-L-serine; L-Methionine; O-Phospho-L-serine; 3-Phospho-D-glycerate; S-Sulfo-L-cysteine; L-Cystine"
"D-Amino acid metabolism","Glycine; Pyruvate; L-Alanine; D-Alanine; L-Serine; D-Serine; Pyrrole-2-carboxylate; 1-Pyrroline-2-carboxylate; L-Proline; D-Proline; 5-Aminopentanoate; L-Threonine; D-Threonine; L-Cysteine; D-Cysteine; 5-Oxo-D-proline; 1-Pyrroline-4-hydroxy-2-carboxylate; 2,5-Dioxopentanoate; 5-Amino-2-oxopentanoic acid; Hydroxyproline; 2-Amino-4-oxopentanoic acid; cis-4-Hydroxy-D-proline; L-Ornithine; D-Ornithine; (2R,4S)-2,4-Diaminopentanoate; L-Aspartate; D-Aspartate; 6-Amino-2-oxohexanoate; 2-Amino-5-oxohexanoate; 2-Oxoglutarate; L-Glutamine; D-Glutamine; L-Lysine; D-Lysine; 2,5-Diaminohexanoate; L-Glutamate; D-Glutamate; 2-Oxo-4-hydroxy-5-aminovalerate; L-Methionine; D-Methionine; Phenylpyruvate; L-Phenylalanine; D-Phenylalanine; L-Arginine; D-Arginine; LL-2,6-Diaminoheptanedioate; meso-2,6-Diaminoheptanedioate"
"Degradation of aromatic compounds","Propanal; Acetate; Acrylic acid; Propanoate; Pyruvate; 2-Methylpropanoate; Cyclohexanone; Benzaldehyde; Benzyl alcohol; 3-Cresol; 4-Cresol; o-Cresol; Catechol; 2-Hydroxy-2,4-pentadienoate; Fumarate; Succinate; p-Tolualdehyde; Acetophenone; 3-Methylbenzaldehyde; 2-Methylbenzaldehyde; Benzoate; 3-Hydroxybenzaldehyde; Salicylaldehyde; 4-Methylbenzyl alcohol; 2-Methylbenzyl alcohol; 3-Methylbenzyl alcohol; (S)-1-Phenylethanol; Nitrobenzene; 2,3-Dihydroxytoluene; 3-Hydroxybenzyl alcohol; 4-Methylcatechol; 2-Hydroxy-cis-hex-2,4-dienoate; Adipate semialdehyde; 4-Hydroxy-2-oxopentanoate; 6-Hydroxyhexanoic acid; Toluate; 3-Vinylcatechol; m-Methylbenzoate; o-Toluate; 3-Methylsalicylaldehyde; 4-Hydroxybenzoate; 3-Hydroxybenzoate; Salicylate; cis-1,2-Dihydro-3-ethylcatechol; Adipate; 4-Hydroxy-2-oxohexanoic acid; trans-Cinnamate; 4-Isopropylbenzaldehyde; p-Cumic alcohol; 4-Hydroxyphenylacetate; 4-Methoxybenzoate; 3-Methylsalicylate; (1R,4R)-Dihydrocarvone; 3,4-Dihydroxybenzoate; 3-Methyl-cis,cis-hexadienedioate; 3-Methylmuconolactone; 2-Hydroxy-6-keto-2,4-heptadienoate; (1R,6S)-1,6-Dihydroxycyclohexa-2,4-diene-1-carboxylate; 2-Hydroxy-5-methyl-cis,cis-muconic semialdehyde; 4-Methyl-3-oxoadipate-enol-lactone; cis-1,2-Dihydronaphthalene-1,2-diol; 4-Coumarate; 3-Oxo-3-phenylpropanoate; trans-3-Hydroxycinnamate; 1,6-Dihydroxy-5-methylcyclohexa-2,4-dienecarboxylate; cis-1,2-Dihydroxy-4-methylcyclohexa-3,5-diene-1-carboxylate; 1,2-Dihydroxy-6-methylcyclohexa-3,5-dienecarboxylate; 2-Hydroxy-6-oxo-octa-2,4-dienoate; 2,2',3-Trihydroxydiphenylether; 4-Methyl-3-oxoadipate; cis-1,2-Dihydroxy-1,2-dihydro-8-methylnaphthalene; Caffeate; trans-2,3-Dihydroxycinnamate; 3-(2,3-Dihydroxyphenyl)propanoate; cis-3-(3-Carboxyethenyl)-3,5-cyclohexadiene-1,2-diol; 2-Hydroxy-6-oxo-7-methylocta-2,4-dienoate; cis-3-(Carboxy-ethyl)-3,5-cyclo-hexadiene-1,2-diol; (3R)-3-Isopropenyl-6-oxoheptanoate; Biphenyl-2,3-diol; 4-Sulfobenzyl alcohol; cis-2,3-Dihydro-2,3-dihydroxybiphenyl; 2,3-Dihydroxy-p-cumate; cis-2,3-Dihydroxy-2,3-dihydro-p-cumate; 3-[(3aS,4S,7aS)-7a-Methyl-1,5-dioxo-octahydro-1H-inden-4-yl]propanoate; 3-Hydroxypimeloyl-CoA"
"Diabetic cardiomyopathy","Methylglyoxal; Pyruvate; D-Glyceraldehyde 3-phosphate; D-Glucose; D-Fructose; D-Sorbitol; 3-Phospho-D-glyceroyl phosphate; ATP"
"Dioxin degradation","Pyruvate; Catechol; 2-Hydroxy-2,4-pentadienoate; Benzoate; 4-Hydroxy-2-oxopentanoate; Salicylate; 2,2',3-Trihydroxydiphenylether; Biphenyl-2,3-diol; cis-2,3-Dihydro-2,3-dihydroxybiphenyl"
"Diterpenoid biosynthesis; Including: Gibberellin biosynthesis","Abietate; Isopimaric acid; Kaur-16-en-18-oic acid; Levopimaric acid; Neoabietic acid; Palustric acid; 9beta-Pimara-7,15-dien-19-oate; syn-Stemoden-19-oate; Taxa-4(20),11(12)-dien-5alpha,13alpha-diol; Sclareol; ent-7alpha-Hydroxykaur-16-en-19-oic acid; Taxa-4(20),11(12)-dien-5alpha-yl acetate; 6beta,7beta-Dihydroxykaurenoic acid; Aphidicolin; Gibberellin A3; Gibberellin A29-catabolite; Gibberellin A34-catabolite; Taxa-4(20),11(12)-dien-5alpha-acetoxy-10beta-ol; Gibberellin A53; Gibberellin A14; Gibberellin A15 open lactone; Gibberellin A8-catabolite; Gibberellin A8"
"Dopaminergic synapse","Dopamine; L-Tyrosine; Homovanillate"
"Drug metabolism - cytochrome P450","Acrolein; 4-Hydroxy-2,6-dimethylaniline; 2-Propyl-2,4-pentadienoic acid; 2-n-Propyl-4-pentenoic acid; 2-n-Propyl-2-pentenoic acid; 2-n-Propyl-3-pentenoic acid; Valproic acid; 2-Amino-3-methylbenzoate; 3-Oxovalproic acid; 2-n-Propyl-4-oxopentanoic acid; 2-Propylsuccinic acid; 2-Propylglutaric acid; 5-Phenyl-1,3-oxazinane-2,4-dione; 2-Phenyl-1,3-propanediol monocarbamate; 2-Hydroxyfelbamate; p-Hydroxyfelbamate; Codeine-6-glucuronide"
"Drug metabolism - other enzymes","Isonicotinic acid; Isoniazid alpha-ketoglutaric acid"
"Eicosanoids","Arachidonate; Leukotriene A4; Leukotriene B4"
"Endocrine resistance","Testosterone"
"Estrogen signaling pathway","4-Aminobutanoate"
"Ether lipid metabolism","Acylglycerone phosphate; 1-Alkyl-2-acetyl-sn-glycerol"
"Ethylbenzene degradation","Propanoate; 2-Hydroxy-2,4-pentadienoate; Acetophenone; (S)-1-Phenylethanol; 2-Hydroxyacetophenone; cis-1,2-Dihydro-3-ethylcatechol; 3-Oxo-3-phenylpropanoate; 2-Hydroxy-6-oxo-octa-2,4-dienoate"
"Fat digestion and absorption","Bile salt; Triacylglycerol"
"Fatty acid biosynthesis","Octanoic acid; Decanoic acid; Dodecanoic acid; Tetradecanoic acid; (9Z)-Hexadecenoic acid; Hexadecanoic acid; (9Z)-Octadecenoic acid; Octadecanoic acid"
"Fatty acid degradation","omega-Hydroxy fatty acid; Glutarate; Hexadecanoic acid"
"Fatty acid elongation","Hexadecanoic acid"
"Fatty acid metabolism","Hexadecanoic acid"
"Fc epsilon RI signaling pathway","Histamine; Arachidonate"
"Fc gamma R-mediated phagocytosis","Arachidonate"
"Ferroptosis","L-Cysteine; L-Glutamate; (R)-Mevalonate; L-Cystine; Arachidonate; 7,10,13,16-Docosatetraenoic acid; alpha-Tocopherol"
"Flavone and flavonol biosynthesis","Vitexin; Isovitexin; Apigenin 7-O-beta-D-glucoside; Afzelin"
"Flavonoid biosynthesis","Chrysin; 7,4'-Dihydroxyflavone; Naringenin; Naringenin chalcone; Butein; Butin; Garbanzol; Pinobanksin; Hesperetin; Homoeriodictyol; Homoeriodictyol chalcone; Vitexin"
"Fluorobenzoate degradation","Catechol"
"Folate biosynthesis","Glycolaldehyde; 4-Hydroxybenzoate; Sepiapterin; 6-Pyruvoyltetrahydropterin; Biopterin"
"FoxO signaling pathway","L-Glutamate; D-Glucose; AMP; ADP"
"Fructose and mannose metabolism","(S)-Lactaldehyde; (S)-Lactate; D-Glyceraldehyde; L-Rhamnono-1,4-lactone; 2-Dehydro-3-deoxy-L-fuconate; 2-Dehydro-3-deoxy-L-rhamnonate; L-Fucono-1,5-lactone; L-Rhamnose; L-Rhamnulose; 6-Deoxy-L-galactose; L-Fuculose; L-Rhamnofuranose; Glycerone phosphate; D-Glyceraldehyde 3-phosphate; D-Fructose; D-Mannose; L-Sorbose; alpha-D-Glucose; D-Allose; L-Fuconate; L-Rhamnonate; Mannitol; D-Sorbitol"
"Furfural degradation","2-Furoate; 5-Hydroxymethyl-2-furaldehyde; 5-Hydroxymethylfurfuryl alcohol; 2-Oxoglutarate; 2,5-Furandicarboxylate"
"GABAergic synapse","4-Aminobutanoate; Succinate; 2-Oxoglutarate; L-Glutamine; L-Glutamate"
"Galactose metabolism","D-Glyceraldehyde; Glycerone phosphate; D-Glyceraldehyde 3-phosphate; D-Glucose; D-Fructose; D-Galactose; myo-Inositol; D-Mannose; alpha-D-Glucose; D-Tagatose; alpha-D-Galactose; D-Sorbitol; Galactitol; D-Galactonate; Sucrose; Lactose; alpha-D-Galactosyl-(1->3)-1D-myo-inositol; Epimelibiose; Melibiose; Lactose 6-phosphate"
"Gap junction","L-Glutamate; Dopamine"
"Gastric acid secretion","Histamine"
"Geraniol degradation","Geranial; cis-Citral; Citronellate"
"Glucagon signaling pathway","Pyruvate; (S)-Lactate; Fumarate; Succinate; (S)-Malate; 2-Oxoglutarate; D-Glucose; 3-Phospho-D-glycerate; 2-Phospho-D-glycerate"
"Glucosinolate biosynthesis","3-Methyl-2-oxobutanoic acid; L-Valine; 4-Methyl-2-oxopentanoate; (S)-3-Methyl-2-oxopentanoic acid; L-Leucine; L-Isoleucine; (E)-Phenylacetaldoxime; L-Methionine; 3-Phenylpropionaldoxim; (E)-4-Hydroxyphenylacetaldehyde-oxime; L-Phenylalanine; L-Homophenylalanine; L-Tyrosine; L-Tryptophan; S-(Phenylacetothiohydroximoyl)-L-cysteine"
"Glutamatergic synapse","L-Glutamine; L-Glutamate"
"Glutathione metabolism","Glycine; L-Cysteine; Pidolic acid; L-Ornithine; L-Glutamate; Ascorbate"
"Glycerolipid metabolism","3-Hydroxypropanal; Glycerone; D-Glyceraldehyde; D-Glycerate; Glycerone phosphate; 3-Phospho-D-glycerate; 2-Phospho-D-glycerate; Triacylglycerol"
"Glycerophospholipid metabolism","L-Serine; Glycerone phosphate; Choline phosphate; Acylglycerone phosphate; CDP-ethanolamine; 1-Acyl-sn-glycero-3-phosphocholine; 1-Acyl-sn-glycero-3-phosphocholine; 1-Acyl-sn-glycero-3-phosphocholine; Phosphatidylcholine; Phosphatidylethanolamine; Phosphatidylcholine; Phosphatidylethanolamine; Phosphatidylcholine"
"Glycine, serine and threonine metabolism","Methylglyoxal; Glyoxylate; Glycine; Pyruvate; Sarcosine; N,N-Dimethylglycine; L-Serine; D-Serine; D-Glycerate; L-Aspartate 4-semialdehyde; L-2-Amino-3-oxobutanoic acid; Betaine; L-2,4-Diaminobutanoate; L-Threonine; L-Homoserine; L-Allothreonine; L-Cysteine; 5-Aminolevulinate; L-Aspartate; O-Phospho-L-serine; 3-Phospho-D-glycerate; 2-Phospho-D-glycerate; L-Tryptophan"
"Glycolysis / Gluconeogenesis","Acetate; Pyruvate; (S)-Lactate; Glycerone phosphate; D-Glyceraldehyde 3-phosphate; D-Glucose; beta-D-Glucose; alpha-D-Glucose; 3-Phospho-D-glycerate; 2-Phospho-D-glycerate; 3-Phospho-D-glyceroyl phosphate; 2,3-Bisphospho-D-glycerate"
"Glycosaminoglycan biosynthesis - chondroitin sulfate / dermatan sulfate","Adenosine 3',5'-bisphosphate"
"Glycosaminoglycan biosynthesis - heparan sulfate / heparin","Acetate; Adenosine 3',5'-bisphosphate"
"Glycosylphosphatidylinositol (GPI)-anchor biosynthesis","Phosphatidylethanolamine; Phosphatidylethanolamine"
"Glyoxylate and dicarboxylate metabolism","Acetate; Glycolaldehyde; Glyoxylate; Glycine; Glycolate; Pyruvate; L-Serine; D-Glycerate; Succinate; Mesaconate; (S)-Malate; 2-Oxoglutarate; L-Glutamine; L-Glutamate; L-threo-3-Methylaspartate; meso-Tartaric acid; (R,R)-Tartaric acid; 3-Ethylmalate; 2-Hydroxy-3-oxoadipate; 3-Propylmalate; 3-Phospho-D-glycerate; 2-Phospho-D-glycerate; D-Ribulose 1,5-bisphosphate; L-Malyl-CoA"
"GnRH secretion","4-Aminobutanoate; Testosterone"
"GnRH signaling pathway","Arachidonate"
"Hepatocellular carcinoma","Acrolein"
"HIF-1 signaling pathway","Pyruvate; (S)-Lactate; 2-Oxoglutarate; Ascorbate; D-Glucose; ATP"
"Histamine H2/H3 receptor agonists/antagonists","Histamine"
"Histidine metabolism","Histamine; Imidazole-4-acetate; L-Aspartate; 4-Oxoglutaramate; 2-Oxoglutarate; Isoglutamine; L-Glutamate; 4-Imidazolone-5-propanoate; Imidazole lactate; N(pi)-Methyl-L-histidine"
"Huntington disease","L-Glutamate"
"Hypertrophic cardiomyopathy","ATP"
"Indole alkaloid biosynthesis","Tryptamine; D-Glucose; L-Tryptophan; 4-Dimethylallyl-L-abrine"
"Indole diterpene alkaloid biosynthesis","Paxilline"
"Inflammatory mediator regulation of TRP channels","Histamine; (+)-Camphor; (-)-Camphor; (5Z,7E,9E,14Z,17Z)-Eicosapentaenoic acid; Arachidonate; Leukotriene B4; ATP"
"Inositol phosphate metabolism","3-Oxopropanoate; Glycerone phosphate; D-Glyceraldehyde 3-phosphate; myo-Inositol; scyllo-Inositol; 1D-chiro-Inositol; D-Glucuronate; D-Tagaturonate; 1-O-Methyl-myo-inositol; 3-O-Methyl-myo-inositol"
"Insect hormone biosynthesis","2-trans,6-trans-Farnesal; Farnesoic acid; Methyl farnesoate; Juvenile hormone III acid; 2,22-Dideoxy-3-dehydroecdysone"
"Insulin resistance","Pyruvate; D-Glucose; D-Fructose; Triacylglycerol"
"Insulin secretion","Pyruvate; D-Glucose; ATP"
"Insulin signaling pathway","D-Glucose"
"Isoflavonoid biosynthesis","Anhydroglycinol; Daidzein; 7,4'-Dihydroxyflavone; Naringenin; 3,6,9-Trihydroxypterocarpan; 2'-Hydroxydihydrodaidzein; 2,7,4'-Trihydroxyisoflavanone; 6,7,4'-Trihydroxyflavanone; 7-Hydroxy-2',4',5'-trimethoxyisoflavone; 9-Demethylmunduserone; Genistein 7-O-beta-D-glucoside"
"Isoquinoline alkaloid biosynthesis","4-Hydroxyphenylacetaldehyde; Tyramine; 3,4-Dihydroxybenzaldehyde; 3,4-Dihydroxyphenylacetaldehyde; Dopamine; 4-Coumarate; 3-(4-Hydroxyphenyl)pyruvate; L-Tyrosine; Norgalanthamine; (-)-8-Demethylmaritidine; 4'-O-Methylnorbelladine; (S)-Cheilanthifoline; (S)-Scoulerine; Salutaridine; (S)-Isoboldine; (S)-Corytuberine"
"Kaposi sarcoma-associated herpesvirus infection","Phosphatidylethanolamine; Phosphatidylethanolamine"
"Leishmaniasis","Arachidonate"
"Limonene and pinene degradation","3-Isopropyl-3-butenoic acid; (-)-Carvone; Perillyl aldehyde; Pinocarvone; (+)-(S)-Carvone; Myrtenal; (-)-trans-Carveol; Perillyl alcohol; alpha-Pinene-oxide; (Z)-2-Methyl-5-isopropylhexa-2,5-dienal; Limonene-1,2-epoxide; (4R,6R)-cis-Carveol; (1R,4R)-Dihydrocarvone; (1S,4R)-Iso-dihydrocarvone; (4S,6S)-cis-Carveol; (+)-trans-Carveol; (1R,4S)-Iso-dihydrocarvone; (1S,4S)-Dihydrocarvone; Myrtenol; Pinocarveol; trans-2-Methyl-5-isopropylhexa-2,5-dienal; (4S)-Limonene-1,2-epoxide; Limonene-1,2-diol; (1R,2R,4S)-Limonene-1,2-diol; (3R)-3-Isopropenyl-6-oxoheptanoate; (3S)-3-Isopropenyl-6-oxoheptanoate; (4R)-7-Hydroxy-4-isopropenyl-7-methyl-2-oxo-oxepanone; (4S)-7-Hydroxy-4-isopropenyl-7-methyl-2-oxo-oxepanone"
"Linoleic acid metabolism","(6Z,9Z,12Z)-Octadecatrienoic acid; Crepenynate; Linoleate; 9-cis,11-trans-Octadecadienoate; 13(S)-HODE; 9(S)-HODE; 9(10)-EpOME; 12(13)-EpOME; Arachidonate; (9Z,11E)-(13S)-13-Hydroperoxyoctadeca-9,11-dienoic acid; (9Z,12Z)-(11S)-11-Hydroperoxyoctadeca-9,12-dienoic acid; (7S,8S)-DiHODE; 9(S)-HPODE; 8(R)-HPODE; 12,13-Epoxy-9-hydroxy-10-octadecenoate; 9,10-Epoxy-13-hydroxy-11-octadecenoate; 9,10-12,13-Diepoxyoctadecanoate; (8E,10R,12Z)-10-Hydroperoxy-8,12-octadecadienoate; 5S,8R-DiHODE; Phosphatidylcholine; Phosphatidylcholine; Phosphatidylcholine"
"Lipid and atherosclerosis","Triacylglycerol"
"Lipoic acid metabolism","Octanoic acid; (R)-Lipoic acid"
"Lipopolysaccharide biosynthesis","ADP-D-glycero-beta-D-manno-heptose"
"Long-term depression","L-Glutamate; Arachidonate"
"Long-term potentiation","L-Glutamate"
"Longevity regulating pathway","AMP"
"Longevity regulating pathway - worm","(9Z)-Octadecenoic acid"
"Lysine biosynthesis","L-Aspartate 4-semialdehyde; L-Homoserine; L-Aspartate; L-2-Aminoadipate 6-semialdehyde; 2-Oxoglutarate; L-Lysine; (2R,3R)-3-Methylornithine; 2,3,4,5-Tetrahydrodipicolinate; LL-2,6-Diaminoheptanedioate; meso-2,6-Diaminoheptanedioate; (R)-2-Hydroxybutane-1,2,4-tricarboxylate; Homoisocitrate; N-Succinyl-LL-2,6-diaminoheptanedioate"
"Lysine degradation","Glycine; 5-Oxopentanoate; 5-Aminopentanoate; Succinate; Glutarate; 6-Amino-2-oxohexanoate; (S)-5-Amino-3-oxohexanoic acid; L-2-Aminoadipate 6-semialdehyde; 2-Amino-5-oxohexanoate; 2-Oxoglutarate; L-Lysine; D-Lysine; (3S)-3,6-Diaminohexanoate; (3S,5S)-3,5-Diaminohexanoate; 2,5-Diaminohexanoate; (R)-2-Hydroxyglutarate; (S)-2-Hydroxyglutarate"
"Lysosome","D-Mannose; ADP; ATP"
"Meiosis - yeast","D-Glucose"
"Melanogenesis","L-Tyrosine"
"Metabolic pathways",NA
"Metabolism of xenobiotics by cytochrome P450","2-Naphthol; 1-Naphthol; (1R,2S)-Naphthalene 1,2-oxide; (1S,2R)-Naphthalene 1,2-oxide; Thiodiacetic acid; 1,2-Dihydronaphthalene-1,2-diol; 4-Oxo-1-(3-pyridyl)-1-butanone; 4-Hydroxy-1-(3-pyridinyl)-1-butanone; 5-(3-Pyridyl)-2-hydroxytetrahydrofuran; 1,2-Dihydroxy-3,4-epoxy-1,2,3,4-tetrahydronaphthalene; 3-Succinoylpyridine; gamma-Hydroxy-3-pyridinebutanoate"
"Methane metabolism","Acetate; Glyoxylate; Glycine; Pyruvate; Glycerone; L-Serine; D-Glycerate; (S)-Malate; Tyramine; 7-Oxoheptanoic acid; Glycerone phosphate; D-Glyceraldehyde 3-phosphate; (2S)-2-Phospholactate; 2-Oxopimelate; L-Tyrosine; O-Phospho-L-serine; 3-Phospho-D-glycerate; 2-Phospho-D-glycerate; L-Malyl-CoA"
"Microbial metabolism in diverse environments","Propanal; Acetate; Glycolaldehyde; Acrylic acid; Methylglyoxal; Glyoxylate; Propanoate; (S)-Lactaldehyde; Glycine; Glycolate; Cyclopropanecarboxylate; Pyruvate; 3-Oxopropanoate; 2-Methylpropanoate; N,N'-Dimethylurea; L-Alanine; Glycerone; (S)-Lactate; (R)-Lactate; D-Glyceraldehyde; 3-Hydroxypropanoate; Sulfate; Cyclohexanone; 4-Aminobutanoate; 4-Hydroxybutanoic acid; L-Serine; D-Glycerate; Benzaldehyde; Benzyl alcohol; 3-Cresol; 4-Cresol; o-Cresol; 2-Aminophenol; 4-Hydroxyaniline; Hydroxylaminobenzene; Catechol; Hydroquinone; Resorcinol; 2,5-Dihydroxypyridine; 2,6-Dihydroxypyridine; 2-Furoate; 2-Hydroxy-2,4-pentadienoate; cis-Acetylacrylate; Fumarate; Maleic acid; 5-Oxopentanoate; trans-1,2-Cyclohexanediol; cis-1,2-Cyclohexanediol; L-Aspartate 4-semialdehyde; Phenylacetonitrile; 5-Aminopentanoate; 4-Methylaminobutyrate; Succinate; L-2,4-Diaminobutanoate; L-Threonine; L-Homoserine; Phenylacetaldehyde; p-Tolualdehyde; Acetophenone; 3-Methylbenzaldehyde; 2-Methylbenzaldehyde; (S)-2-Phenyloxirane; L-Cysteine; Benzamide; Benzoate; 4-Hydroxybenzaldehyde; 3-Hydroxybenzaldehyde; Salicylaldehyde; 4-Methylbenzyl alcohol; 2-Methylbenzyl alcohol; 3-Methylbenzyl alcohol; (S)-1-Phenylethanol; 4-Ethylphenol; 2,4-Dimethylphenol; Nicotinate; Nitrobenzene; o-Methoxyphenol; 2,3-Dihydroxytoluene; 3-Hydroxybenzyl alcohol; 4-Methylcatechol; 2-Aminoethylphosphonate; 1,2,3-Trihydroxybenzene; Phloroglucinol; Benzene-1,2,4-triol; 5-Hydroxymethyl-2-furaldehyde; Dihydrophloroglucinol; 2-Hydroxy-cis-hex-2,4-dienoate; 5-Hydroxymethylfurfuryl alcohol; Cyclohexane-1-carboxylate; Mesaconate; Adipate semialdehyde; 1-Oxa-2-oxo-3-hydroxycycloheptane; 5-Aminolevulinate; (S)-4-Amino-5-oxopentanoate; 6-Aminohexanoate; Glutarate; 4-Hydroxy-2-oxopentanoate; 6-Hydroxyhexanoic acid; L-Aspartate; (S)-Malate; 2-Phenylacetamide; (Z)-Phenylacetaldehyde oxime; Toluate; 3-Vinylcatechol; Phenylacetic acid; 2-Hydroxyacetophenone; m-Methylbenzoate; o-Toluate; 4'-Hydroxyacetophenone; 3-Methylsalicylaldehyde; 4-Hydroxybenzoate; 3-Hydroxybenzoate; Salicylate; Gentisate aldehyde; 2-Hydroxy-5-methylquinone; cis-1,2-Dihydro-3-ethylcatechol; 2,3-Dimethylmaleate; Methylitaconate; 2-Methyleneglutarate; 7-Oxoheptanoic acid; 2-Oxoglutarate; Adipate; 4-Hydroxy-2-oxohexanoic acid; 3-Hydroxy-5-oxohexanoate; L-Glutamine; L-Lysine; (2R,3R)-3-Methylornithine; L-Glutamate; O-Acetyl-L-serine; L-threo-3-Methylaspartate; (S)-2-Hydroxyglutarate; trans-Cinnamate; Dihydrocoumarin; 3-Hydroxy-1-indanone; 3-Isochromanone; 4-Isopropylbenzaldehyde; p-Cumic alcohol; (R)-Mandelamide; Xanthine; 4-Hydroxyphenylacetate; 4-Hydroxy-3-methoxy-benzaldehyde; (R)-Mandelate; (S)-Mandelate; 4-Methoxybenzoate; 3-Hydroxyphenylacetate; 2-Hydroxyphenylacetate; 4-Hydroxyphenacyl alcohol; 4-Hydroxyphenyl acetate; 3-Methylsalicylate; 4-Methylsalicylate; 4-Hydroxymethylsalicylaldehyde; 3-Hydroxyanthranilate; 3-Hydroxy-2-methylpyridine-5-carboxylate; o-Hydroxylaminobenzoate; 2,3-Dihydroxybenzoate; 3,4-Dihydroxybenzoate; 2,5-Dihydroxybenzoate; 2,5-Furandicarboxylate; 3-Methyl-cis,cis-hexadienedioate; 3-Methylmuconolactone; 4-Methylmuconolactone; 2-Hydroxy-6-keto-2,4-heptadienoate; (1R,6S)-1,6-Dihydroxycyclohexa-2,4-diene-1-carboxylate; 2-Hydroxy-5-methyl-cis,cis-muconic semialdehyde; 4-Methyl-3-oxoadipate-enol-lactone; L-Rhamnono-1,4-lactone; (2R,3S)-2,3-Dimethylmalate; 2-Dehydro-3-deoxy-L-fuconate; 2-Dehydro-3-deoxy-L-rhamnonate; (S)-2-(Hydroxymethyl)glutarate; L-Fucono-1,5-lactone; cis-1,2-Dihydronaphthalene-1,2-diol; 4-Oxo-1-(3-pyridyl)-1-butanone; trans-2-Hydroxycinnamate; 3-Oxo-3-phenylpropanoate; trans-3-Hydroxycinnamate; L-Rhamnose; L-Rhamnulose; 6-Deoxy-L-galactose; L-Fuculose; L-Rhamnofuranose; 7-Methylxanthine; 3-Methylxanthine; 1-Methylxanthine; Urate; Glycerone phosphate; D-Glyceraldehyde 3-phosphate; (2S)-2-Phospholactate; 1,6-Dihydroxy-5-methylcyclohexa-2,4-dienecarboxylate; cis-1,2-Dihydroxy-4-methylcyclohexa-3,5-diene-1-carboxylate; 1,2-Dihydroxy-6-methylcyclohexa-3,5-dienecarboxylate; 2-Hydroxy-6-oxo-octa-2,4-dienoate; 2,2',3-Trihydroxydiphenylether; 2,3,4,5-Tetrahydrodipicolinate; 2-Oxopimelate; 2-Methyl-3-oxoadipate; 4-Methyl-3-oxoadipate; Ascorbate; Parapyruvate; cis-1,2-Dihydroxy-1,2-dihydro-8-methylnaphthalene; cis-1,2-Dihydroxy-1,2-dihydro-7-methylnaphthalene; 5,6,7,8-Tetrahydro-2-naphthoic acid; 3-Succinoylpyridine; trans-2,3-Dihydroxycinnamate; D-Fructose; myo-Inositol; beta-D-Glucose; alpha-D-Glucose; D-Allose; L-Fuconate; L-Rhamnonate; scyllo-Inositol; 1D-chiro-Inositol; Theophylline; Theobromine; 1,7-Dimethylxanthine; 3-(2,3-Dihydroxyphenyl)propanoate; cis-3-(3-Carboxyethenyl)-3,5-cyclohexadiene-1,2-diol; Decahydro-2-naphthoic acid; 4-Pyridoxate; 3-O-Methylgallate; 2-Hydroxy-6-oxo-7-methylocta-2,4-dienoate; cis-3-(Carboxy-ethyl)-3,5-cyclo-hexadiene-1,2-diol; O-Phospho-L-serine; 3-Phospho-D-glycerate; 2-Phospho-D-glycerate; Biphenyl-2,3-diol; cis-2-Carboxycyclohexyl-acetic acid; 4-Sulfobenzyl alcohol; cis-2,3-Dihydro-2,3-dihydroxybiphenyl; 3-Sulfocatechol; 4-Sulfocatechol; Oxalosuccinate; 2,4-Dihydroxyhept-2-enedioate; 1,2-Dihydroxy-7-hydroxymethylnaphthalene; LL-2,6-Diaminoheptanedioate; meso-2,6-Diaminoheptanedioate; 2-Keto-D-gluconic acid; 6-Hydroxy-3-succinoylpyridine; D-Gluconic acid; D-Galactonate; 2,3-Dihydroxy-p-cumate; 3-Hydroxy-2-methylpyridine-4,5-dicarboxylate; Syringic acid; cis-2,3-Dihydroxy-2,3-dihydro-p-cumate; (+)-(3S,4R)-cis-3,4-Dihydroxy-3,4-dihydrofluorene; Bis(4-hydroxyphenyl)methane; (R)-2-Hydroxybutane-1,2,4-tricarboxylate; Homoisocitrate; 1,3,7-Trimethyluric acid; 3-[(3aS,4S,7aS)-7a-Methyl-1,5-dioxo-octahydro-1H-inden-4-yl]propanoate; 3-Phospho-D-glyceroyl phosphate; Testosterone; 5alpha-Androstane-3,17-dione; Dehydroepiandrosterone; N-Succinyl-LL-2,6-diaminoheptanedioate; D-Ribulose 1,5-bisphosphate; 5-Methyltetrahydrofolate; Aerobactin; L-Malyl-CoA; 3-Hydroxypimeloyl-CoA"
"Mineral absorption","Glycine; L-Alanine; L-Serine; L-Proline; L-Valine; L-Threonine; L-Leucine; L-Isoleucine; L-Asparagine; L-Glutamine; L-Methionine; L-Phenylalanine; D-Glucose; D-Galactose; L-Tryptophan"
"Monobactam biosynthesis","Pyruvate; Sulfate; L-Serine; L-Aspartate 4-semialdehyde; L-Threonine; L-Aspartate; 2,3,4,5-Tetrahydrodipicolinate; L-Arginine; 3-(4-Hydroxyphenyl)pyruvate; L-Tyrosine"
"Monoterpenoid biosynthesis","(-)-Carvone; (-)-Isopiperitenone; (+)-(S)-Carvone; (+)-Menthofuran; (+)-Camphor; (-)-trans-Carveol; (-)-trans-Isopiperitenol; Perillyl alcohol; Pulegone; (+)-trans-Carveol; (+)-cis-Isopulegone; 6-endo-Hydroxycineole; (E)-3,7-Dimethylocta-1,6-diene-3,8-diol; (6E)-8-Hydroxygeraniol; (4R,7S)-7-Isopropyl-4-methyloxepan-2-one; Iridotrial; 1,6,6-Trimethyl-2,7-dioxabicyclo[3.2.2]nonan-3-one; 4,5-Dihydro-5,5-dimethyl-4-(3-oxobutyl)furan-2(3H)-one; 7-Deoxyloganetate"
"Morphine addiction","4-Aminobutanoate; Dopamine; AMP"
"mTOR signaling pathway","L-Leucine; L-Arginine; AMP"
"Naphthalene degradation","Catechol; Salicylaldehyde; 2,3-Dihydroxytoluene; 4-Methylcatechol; 3-Methylsalicylaldehyde; Salicylate; 3-Methylsalicylate; 4-Methylsalicylate; 4-Hydroxymethylsalicylaldehyde; 2,5-Dihydroxybenzoate; cis-1,2-Dihydronaphthalene-1,2-diol; cis-1,2-Dihydroxy-1,2-dihydro-8-methylnaphthalene; cis-1,2-Dihydroxy-1,2-dihydro-7-methylnaphthalene; 5,6,7,8-Tetrahydro-2-naphthoic acid; Decahydro-2-naphthoic acid; cis-2-Carboxycyclohexyl-acetic acid; 1,2-Dihydroxy-7-hydroxymethylnaphthalene"
"Naphthalene family","2-Naphthol; 1-Naphthol"
"Necroptosis","Arachidonate; ATP"
"Neomycin, kanamycin and gentamicin biosynthesis","L-Glutamate; 2-Deoxy-scyllo-inosose; 2-Deoxy-scyllo-inosamine; D-Glucose"
"Neuroactive ligand-receptor interaction","Glycine; beta-Alanine; 4-Aminobutanoate; Histamine; Taurine; L-Aspartate; Tyramine; L-Glutamate; Dopamine; Octopamine; Tryptamine; Leukotriene B4; Prostaglandin F2alpha; ADP; ATP"
"Nicotinate and nicotinamide metabolism","Propanoate; Pyruvate; 4-Aminobutanoate; 2,5-Dihydroxypyridine; 2,6-Dihydroxypyridine; Fumarate; Maleic acid; 4-Methylaminobutyrate; Succinate; Nicotinate; Iminoaspartate; L-Aspartate; 2,3-Dimethylmaleate; Methylitaconate; 2-Methyleneglutarate; (2R,3S)-2,3-Dimethylmalate; (S)-2-(Hydroxymethyl)glutarate; 4-Oxo-1-(3-pyridyl)-1-butanone; Glycerone phosphate; 3-Succinoylpyridine; 6-Hydroxy-3-succinoylpyridine"
"Nicotine addiction","4-Aminobutanoate; L-Glutamate"
"Nitrogen metabolism","L-Glutamine; L-Glutamate"
"Nitrotoluene degradation","4-Cresol; 2-Hydroxy-5-methylquinone"
"NOD-like receptor signaling pathway","ATP"
"Non-alcoholic fatty liver disease","D-Glucose"
"Novobiocin biosynthesis","L-Proline; 3-(4-Hydroxyphenyl)pyruvate; L-Tyrosine; 3-Dimethylallyl-4-hydroxybenzoate; 3-Dimethylallyl-4-hydroxymandelic acid"
"Nucleotide metabolism","Thymine; L-Glutamine; Xanthine; Uridine; Deoxyadenosine; Guanosine; AMP; dGMP; IMP; ADP; dGDP; N6-(1,2-Dicarboxyethyl)-AMP; ATP; dGTP"
"Olfactory transduction","AMP"
"One carbon pool by folate","5-Methyltetrahydrofolate"
"Ovarian steroidogenesis","2-Hydroxyestradiol; 4-Hydroxyestradiol-17beta; Testosterone; Dehydroepiandrosterone; Arachidonate; Prostaglandin F2alpha"
"Oxidative phosphorylation","Fumarate; Succinate; ADP; ATP; NADH"
"Oxytocin signaling pathway","Arachidonate; Prostaglandin F2alpha"
"Pantothenate and CoA biosynthesis","Pyruvate; beta-Alanine; 5,6-Dihydrouracil; 3-Methyl-2-oxobutanoic acid; L-Valine; L-Cysteine; (S)-2-Acetolactate; 3-Ureidopropionate; L-Aspartate; (R)-2,3-Dihydroxy-3-methylbutanoate; 2-Dehydropantoate; (R)-4-Dehydropantoate; (R)-Pantoate; (R)-3,3-Dimethylmalate; Adenosine 3',5'-bisphosphate"
"Parathyroid hormone synthesis, secretion and action","AMP; Calcidiol"
"Parkinson disease","Dopamine quinone; 3,4-Dihydroxyphenylacetaldehyde; Dopamine; L-Tyrosine; AMP; ADP; ATP"
"Pathogenic Escherichia coli infection","Phosphatidylethanolamine; Phosphatidylethanolamine"
"Pathways in cancer","Acrolein; Fumarate; (S)-Malate; Testosterone; Dehydroepiandrosterone"
"Pathways of neurodegeneration - multiple diseases","L-Glutamate; L-Arginine; AMP; ADP; ATP"
"Penicillin and cephalosporin biosynthesis","L-Valine; L-Cysteine"
"Pentose and glucuronate interconversions","Glycolaldehyde; Pyruvate; L-Glyceraldehyde; 2,5-Dioxopentanoate; 2-Oxoglutarate; D-Xylonolactone; D-Xylono-1,4-lactone; 2-Dehydro-3-deoxy-D-xylonate; D-Xylose; D-Arabinose; L-Arabinose; D-Ribulose; D-Xylulose; L-Xylulose; D-Lyxose; L-Ribulose; L-Lyxose; Xylitol; Ribitol; L-Arabitol; D-Arabitol; D-Xylonate; L-Xylonate; L-Lyxonate; Glycerone phosphate; 5-Dehydro-4-deoxy-D-glucuronate; (4S)-4,6-Dihydroxy-2,5-dioxohexanoate; D-Glucuronate; D-Galacturonate; Pectate; D-Tagaturonate; 3-Dehydro-L-gulonate; D-Fructuronate; D-Mannonate; L-Gulonate; D-Altronate; L-Galactonate; beta-D-Glucuronoside; beta-D-Glucuronoside; beta-D-Glucuronoside; beta-D-Glucuronoside; beta-D-Glucuronoside; beta-D-Glucuronoside; beta-D-Glucuronoside"
"Pentose phosphate pathway","Pyruvate; D-Glyceraldehyde; D-Glycerate; Deoxyribose; D-Ribose; D-Glyceraldehyde 3-phosphate; D-Glucose; beta-D-Glucose; 3-Phospho-D-glycerate; 2-Phospho-D-glycerate; 2-Keto-D-gluconic acid; D-Gluconic acid; D-Ribose 1,5-bisphosphate"
"Peptidoglycan biosynthesis","D-Alanine"
"Pertussis","Nicotinate; ATP"
"Phenylalanine metabolism","Pyruvate; 2-Hydroxy-2,4-pentadienoate; Fumarate; Succinate; Phenylacetaldehyde; Phenylethyl alcohol; 4-Hydroxy-2-oxopentanoate; 2-Phenylacetamide; Phenylacetic acid; trans-Cinnamate; 4-Hydroxyphenylacetate; 3-Hydroxyphenylacetate; 2-Hydroxyphenylacetate; Phenylpyruvate; trans-2-Hydroxycinnamate; 2-Hydroxy-3-phenylpropenoate; trans-3-Hydroxycinnamate; L-Phenylalanine; D-Phenylalanine; trans-2,3-Dihydroxycinnamate; L-Tyrosine; 3-(2,3-Dihydroxyphenyl)propanoate; cis-3-(3-Carboxyethenyl)-3,5-cyclohexadiene-1,2-diol; cis-3-(Carboxy-ethyl)-3,5-cyclo-hexadiene-1,2-diol; Phenylacetylglutamine"
"Phenylalanine, tyrosine and tryptophan biosynthesis","L-Aspartate 4-semialdehyde; Indole; 3-Hydroxybenzoate; (4R,5R)-4,5-Dihydroxycyclohexa-1(6),2-diene-1-carboxylate; Phenylpyruvate; L-Phenylalanine; Shikimate; 2-Oxo-4-phenylbutyric acid; L-Homophenylalanine; 3-(4-Hydroxyphenyl)pyruvate; L-Tyrosine; 3-Dehydroquinate; L-Tryptophan"
"Phenylpropanoid biosynthesis","4-Hydroxystyrene; Chavicol; Isochavicol; 3,4-Dihydroxystyrene; trans-Cinnamate; 4-Hydroxycinnamyl aldehyde; Anethole; Estragole; 4-Coumarate; Caffeic aldehyde; L-Phenylalanine; Coniferyl aldehyde; Methyleugenol; Methylisoeugenol; Caffeate; L-Tyrosine; 5-Hydroxyconiferyl alcohol; Sinapyl alcohol; Coniferyl acetate; Coniferin"
"Phosphatidylinositol signaling system","myo-Inositol"
"Phospholipase D signaling pathway","L-Glutamate; Prostaglandin F2alpha"
"Phosphonate and phosphinate metabolism","Acetate; Glycine; Pyruvate; 2-Aminoethylphosphonate; 2-Amino-3-phosphonopropanoate; D-Ribose 1,5-bisphosphate"
"Phosphotransferase system (PTS)","Pyruvate; Ascorbate; D-Glucose; D-Fructose; D-Galactose; D-Mannose; Sorbose; Mannitol; D-Sorbitol; Galactitol; Sucrose; Cellobiose; Maltose; Lactose; alpha,alpha-Trehalose; alpha,alpha'-Trehalose 6-phosphate; Maltose 6'-phosphate; 6-Phospho-beta-D-glucosyl-(1,4)-D-glucose; Lactose 6-phosphate; Sucrose 6-phosphate"
"Photosynthesis","Plastoquinol-1; ADP; ATP"
"Phototransduction - fly","Octadecanoic acid; Arachidonate"
"PI3K-Akt signaling pathway","AMP"
"Plant hormone signal transduction","Salicylate; Indole-3-acetate; (-)-Jasmonic acid; Zeatin"
"Platelet activation","Arachidonate; ADP; ATP"
"Polycyclic aromatic hydrocarbon degradation","Catechol; 3-Hydroxybenzoate; Salicylate; Dihydrocoumarin; 3-Hydroxy-1-indanone; 3-Isochromanone; 3,4-Dihydroxybenzoate; (+)-(3S,4R)-cis-3,4-Dihydroxy-3,4-dihydrofluorene"
"Polyketide sugar unit biosynthesis","Maltol"
"Porphyrin metabolism","Glycine; L-Threonine; 4,5-Dioxopentanoate; 5-Aminolevulinate; (S)-4-Amino-5-oxopentanoate; L-Glutamate"
"PPAR signaling pathway","13(S)-HODE; 9(S)-HODE; Leukotriene B4"
"Primary bile acid biosynthesis","Glycine; Taurine; Chenodeoxycholate; 7alpha-Hydroxycholest-4-en-3-one; 3alpha,7alpha-Dihydroxy-5beta-cholestane; Cholic acid; 7alpha-Hydroxy-3-oxo-4-cholestenoate; 3alpha,7alpha,12alpha-Trihydroxy-5beta-cholestanoate; Glycocholate; Taurochenodeoxycholate; Taurocholate"
"Prodigiosin biosynthesis","L-Proline; Dodecanoic acid"
"Progesterone, androgen and estrogen receptor agonists/antagonists","Estriol; Testosterone"
"Prolactin signaling pathway","Dopamine; D-Glucose; L-Tyrosine; ATP"
"Propanoate metabolism","Propanal; Propane-1-ol; Methylglyoxal; Propanoate; (S)-Lactaldehyde; Hydroxyacetone; 3-Oxopropanoate; beta-Alanine; (S)-Lactate; 3-Hydroxypropanoate; 2-Hydroxybutanoic acid; Succinate; Methylmalonate; Glycerone phosphate; 2-Methylcitrate; (2S,3R)-3-Hydroxybutane-1,2,3-tricarboxylate"
"Prostate cancer","Testosterone; Dehydroepiandrosterone"
"Protein digestion and absorption","Acetate; Propanoate; Glycine; Butanoic acid; 2-Methylpropanoate; L-Alanine; beta-Alanine; 3-Methylbutanoic acid; 2-Methylbutyrate; L-Serine; 4-Cresol; Histamine; L-Proline; Indole; L-Valine; L-Threonine; L-Cysteine; L-Leucine; L-Isoleucine; L-Asparagine; L-Aspartate; Tyramine; L-Glutamine; L-Lysine; L-Glutamate; L-Methionine; L-Phenylalanine; L-Arginine; L-Tyrosine; L-Tryptophan; L-Cystine"
"Proximal tubule bicarbonate reclamation","(S)-Malate; 2-Oxoglutarate; L-Glutamine; L-Glutamate; alpha-D-Glucose"
"Purine metabolism","Glyoxylate; Glycine; Sulfate; N-Formiminoglycine; L-Glutamine; Xanthine; Urate; Deoxyadenosine; Guanosine; 5'-Phosphoribosylglycinamide; AMP; dGMP; 3'-AMP; IMP; ADP; Adenosine 3',5'-bisphosphate; dGDP; N6-(1,2-Dicarboxyethyl)-AMP; ATP; dGTP"
"Pyrimidine metabolism","3-Oxopropanoate; beta-Alanine; 3-Hydroxypropanoate; (R)-3-Amino-2-methylpropanoate; 5,6-Dihydrouracil; Methylmalonate; Thymine; 3-Ureidopropionate; L-Glutamine; Uridine; Pseudouridine"
"Pyruvate metabolism","Acetate; Methylglyoxal; (S)-Lactaldehyde; (R)-Lactaldehyde; Pyruvate; (S)-Lactate; (R)-Lactate; Fumarate; Succinate; (S)-Malate; (R)-2-Ethylmalate; alpha-Isopropylmalate; (R)-2-Hydroxybutane-1,2,4-tricarboxylate"
"Quorum sensing","Sulfate; 4-Aminobutanoate; 6-Deoxy-L-galactose; cis-11-Methyl-2-dodecenoic acid; CAI-1"
"Regulation of lipolysis in adipocytes","Arachidonate; AMP; Triacylglycerol"
"Renal cell carcinoma","Fumarate; (S)-Malate"
"Renin secretion","AMP; ADP; ATP"
"Retinol metabolism","Retinyl ester"
"Retrograde endocannabinoid signaling","4-Aminobutanoate; L-Glutamate; Arachidonate; alpha,alpha'-Trehalose 6-phosphate; Phosphatidylcholine; Phosphatidylethanolamine; Phosphatidylcholine; Phosphatidylethanolamine; Phosphatidylcholine"
"Riboflavin metabolism","Ribitol"
"Secondary bile acid biosynthesis","Lithocholic acid; Isolithocholate; Chenodeoxycholate; Deoxycholic acid; Ursodiol; Murideoxycholic acid; Hyodeoxycholate; 12-Epideoxycholic acid; Isochenodeoxycholate; Isoursodeoxycholate; Allochenodeoxycholate; Allodeoxycholate; Cholic acid; Ursocholate; alpha-Muricholate; Hyocholate; Vulpecholate; beta-Phocaecholate; Bitocholate; Avicholate; Haemulcholate; beta-Muricholate; omega-Muricholate; Allocholic acid; Glycocholate; Taurochenodeoxycholate; Taurocholate"
"Selenocompound metabolism","L-Alanine"
"Serotonergic synapse","5-Hydroxyindoleacetate; L-Tryptophan; Arachidonate; Leukotriene A4; Prostaglandin A2; Prostaglandin B2; Prostaglandin C2; Prostaglandin J2; Leukotriene B4; 5,6-DHET; 8,9-DHET; 11,12-DHET; 14,15-DHET; Prostaglandin F2alpha"
"Sesquiterpenoid and triterpenoid biosynthesis","2-trans,6-trans-Farnesal; (5S)-Albaflavenol; (5R)-Albaflavenol; Germacra-1(10),4,11(13)-trien-12-ol; Solavetivol; Germacrene A acid; Capsidiol"
"Shigellosis","L-Leucine; L-Isoleucine"
"Sphingolipid metabolism","L-Serine; Sulfatide"
"Sphingolipid signaling pathway","L-Serine"
"Spinocerebellar ataxia","L-Glutamate"
"Starch and sucrose metabolism","D-Glucose; D-Fructose; Sucrose; Cellobiose; Maltose; Isomaltose; Cellulose; alpha,alpha-Trehalose; Levanbiose; (2,1-beta-D-Fructosyl)n; alpha,alpha'-Trehalose 6-phosphate; Sucrose 6'-phosphate; Maltose 6'-phosphate; 6-Phospho-beta-D-glucosyl-(1,4)-D-glucose; Sucrose 6-phosphate; alpha-Maltose 1-phosphate"
"Staurosporine biosynthesis","L-Proline; L-Tryptophan"
"Steroid biosynthesis","Calcidiol"
"Steroid degradation","2-Hydroxy-cis-hex-2,4-dienoate; 3-[(3aS,4S,7aS)-7a-Methyl-1,5-dioxo-octahydro-1H-inden-4-yl]propanoate; Testosterone; 5alpha-Androstane-3,17-dione; Dehydroepiandrosterone"
"Steroid hormone biosynthesis","6beta-Hydroxy-17beta-estradiol; Estriol; 2-Hydroxyestradiol; Testosterone; 5alpha-Androstane-3,17-dione; Dehydroepiandrosterone; 5beta-Androstane-3,17-dione; Testololactone; 16alpha-Hydroxyandrost-4-ene-3,17-dione; 11beta-Hydroxyandrost-4-ene-3,17-dione; 19-Hydroxyandrost-4-ene-3,17-dione; 19-Oxotestosterone; 7alpha-Hydroxyandrost-4-ene-3,17-dione; 2-Methoxy-17beta-estradiol; Urocortisol; Cortolone; Dehydroepiandrosterone sulfate; 3beta-Hydroxypregn-5-en-20-one sulfate; Androsterone glucuronide; Etiocholan-3alpha-ol-17-one 3-glucuronide; Cholesterol sulfate"
"Stilbenoid, diarylheptanoid and gingerol biosynthesis","5-Hydroxy-1-(4-hydroxyphenyl)-3-decanone"
"Streptomycin biosynthesis","D-Glucose; myo-Inositol"
"Styrene degradation","Acrylic acid; (S)-Lactate; 2-Hydroxy-2,4-pentadienoate; Fumarate; Phenylacetonitrile; Phenylacetaldehyde; (S)-2-Phenyloxirane; 2-Phenylacetamide; (Z)-Phenylacetaldehyde oxime; 3-Vinylcatechol; Phenylacetic acid; 3-Hydroxyphenylacetate; 2-Hydroxyphenylacetate"
"Sulfur metabolism","Acetate; Sulfate; L-Serine; Succinate; L-Homoserine; L-Cysteine; Taurine; O-Acetyl-L-serine; Adenosine 3',5'-bisphosphate"
"Sulfur relay system","L-Alanine; L-Cysteine; O-Acetyl-L-serine"
"Synaptic vesicle cycle","Glycine; 4-Aminobutanoate; Histamine; L-Glutamate; Dopamine; ATP"
"Taste transduction","D-Alanine; 4-Aminobutanoate; D-Serine; (S)-Malate; L-Glutamate; D-Phenylalanine; D-Glucose; D-Fructose; Saccharin; Sucrose; Maltose; AMP; IMP; ADP; ATP"
"Taurine and hypotaurine metabolism","Acetate; Pyruvate; L-Alanine; L-Cysteine; Taurine; 2-Hydroxyethanesulfonate; 2-Oxoglutarate; L-Glutamate; 5-L-Glutamyl-taurine; Taurocholate"
"Teichoic acid biosynthesis","D-Alanine; Choline phosphate"
"Terpenoid backbone biosynthesis","Pyruvate; (R)-Mevalonate; D-Glyceraldehyde 3-phosphate; 2-trans,6-trans-Farnesal"
"Thermogenesis","ADP; ATP; NADH; Triacylglycerol"
"Thiamine metabolism","Glycine; Pyruvate; L-Cysteine; D-Glyceraldehyde 3-phosphate; L-Tyrosine"
"Toluene degradation","Benzaldehyde; Benzyl alcohol; 3-Cresol; 4-Cresol; o-Cresol; Benzoate; 4-Hydroxybenzaldehyde; 3-Hydroxybenzaldehyde; 2,4-Dimethylphenol; 2,3-Dihydroxytoluene; 3-Hydroxybenzyl alcohol; 4-Methylcatechol; 4-Hydroxybenzoate; 3-Hydroxybenzoate; 3,4-Dihydroxybenzoate; 3-Methyl-cis,cis-hexadienedioate; 3-Methylmuconolactone; 4-Methylmuconolactone; 4-Methyl-3-oxoadipate-enol-lactone; 2-Methyl-3-oxoadipate; 4-Methyl-3-oxoadipate; 4-Sulfobenzyl alcohol"
"Tropane, piperidine and pyridine alkaloid biosynthesis","Nicotinate; L-Isoleucine; 6-Amino-2-oxohexanoate; L-2-Aminoadipate 6-semialdehyde; L-Lysine; Anatabine; Phenylpyruvate; L-Phenylalanine; Ecgonine; Pseudoecgonine; Cytisine; Lobelanine"
"Tryptophan metabolism","2-Aminophenol; Indole; Picolinic acid; Skatole; Indoxyl; 3-Hydroxyanthranilate; Tryptamine; 3-Methyldioxyindole; Indole-3-acetate; N-Acetylindoxyl; (Indol-3-yl)glycolaldehyde; 5-Hydroxyindoleacetaldehyde; 5-Methoxytryptamine; N-Methylserotonin; 5-Hydroxyindoleacetate; L-Tryptophan; 5-Methoxyindoleacetate; Formyl-N-acetyl-5-methoxykynurenamine"
"Tuberculosis","Calcidiol"
"Two-component system","Fumarate; Succinate; L-Aspartate; (S)-Malate; L-Glutamine; L-Glutamate; 6-Deoxy-L-galactose; D-Glucose; cis-11-Methyl-2-dodecenoic acid; CAI-1; 12-Methyltetradecanoic acid"
"Type II diabetes mellitus","Pyruvate; D-Glucose; ATP"
"Tyrosine metabolism","Pyruvate; Hydroquinone; Fumarate; Maleic acid; Succinate; 4-Hydroxyphenylacetaldehyde; Tyramine; Gentisate aldehyde; Indole-5,6-quinone; 4-Hydroxyphenylacetate; 3,4-Dihydroxyphenylacetaldehyde; 3-Hydroxyphenylacetate; Dopamine; 2,5-Dihydroxybenzoate; 4-Coumarate; 3,4-Dihydroxyphenylethyleneglycol; 3-(4-Hydroxyphenyl)pyruvate; 2-Hydroxy-3-(4-hydroxyphenyl)propenoate; L-Tyrosine; 3-Amino-3-(4-hydroxyphenyl)propanoate; (R)-3-(4-Hydroxyphenyl)lactate; Homovanillate; 3-Methoxy-4-hydroxyphenylglycolaldehyde; 3,4-Dihydroxyphenylpropanoate; 3,4-Dihydroxymandelate; 3-Methoxy-4-hydroxyphenylethyleneglycol; 2,4-Dihydroxyhept-2-enedioate; Dopaquinone; 2-Carboxy-2,3-dihydro-5,6-dihydroxyindole; 3-Methoxy-4-hydroxymandelate"
"Ubiquinone and other terpenoid-quinone biosynthesis","4-Hydroxybenzoate; trans-Cinnamate; 4-Coumarate; 3-(4-Hydroxyphenyl)pyruvate; L-Tyrosine; (R)-3-(4-Hydroxyphenyl)lactate; alpha-Tocopherol"
"Valine, leucine and isoleucine biosynthesis","Pyruvate; 3-Methyl-2-oxobutanoic acid; L-Valine; L-Threonine; 2-Methylmaleate; 4-Methyl-2-oxopentanoate; (S)-3-Methyl-2-oxopentanoic acid; L-Leucine; L-Isoleucine; 3-Hydroxy-3-methyl-2-oxobutanoic acid; (S)-2-Acetolactate; (R)-2,3-Dihydroxy-3-methylbutanoate; (S)-2-Aceto-2-hydroxybutanoate; (R)-3-Hydroxy-3-methyl-2-oxopentanoate; (R)-2-Methylmalate; D-erythro-3-Methylmalate; (R)-2,3-Dihydroxy-3-methylpentanoate; (2S)-2-Isopropyl-3-oxosuccinate; alpha-Isopropylmalate; (2R,3S)-3-Isopropylmalate"
"Valine, leucine and isoleucine degradation",NA
"Vancomycin resistance","Glycine; Pyruvate; L-Alanine; D-Alanine; (R)-Lactate; L-Serine; D-Serine"
"Vascular smooth muscle contraction","Arachidonate"
"Vitamin B6 metabolism","Glycolaldehyde; 2-(Hydroxymethyl)-4-oxobutanoate; L-Glutamine; 3-Hydroxy-2-methylpyridine-5-carboxylate; 3-Amino-2-oxopropyl phosphate; D-Glyceraldehyde 3-phosphate; 4-Pyridoxate; 3-Hydroxy-4-hydroxymethyl-2-methylpyridine-5-carboxylate; 3-Hydroxy-2-methylpyridine-4,5-dicarboxylate; 2-Oxo-3-hydroxy-4-phosphobutanoate; 2-(Hydroxymethyl)-3-(acetamidomethylene)succinate"
"Vitamin digestion and absorption","Ascorbate; Retinyl ester; Bile salt; alpha-Tocopherol; alpha-Tocopherol acetate; Triacylglycerol"
"Xylene degradation","Propanal; Pyruvate; 2-Hydroxy-2,4-pentadienoate; p-Tolualdehyde; 3-Methylbenzaldehyde; 2-Methylbenzaldehyde; 4-Methylbenzyl alcohol; 2-Methylbenzyl alcohol; 3-Methylbenzyl alcohol; 2,3-Dihydroxytoluene; 4-Methylcatechol; 2-Hydroxy-cis-hex-2,4-dienoate; 4-Hydroxy-2-oxopentanoate; Toluate; m-Methylbenzoate; o-Toluate; 4-Hydroxy-2-oxohexanoic acid; 4-Isopropylbenzaldehyde; p-Cumic alcohol; 2-Hydroxy-6-keto-2,4-heptadienoate; 2-Hydroxy-5-methyl-cis,cis-muconic semialdehyde; 1,6-Dihydroxy-5-methylcyclohexa-2,4-dienecarboxylate; cis-1,2-Dihydroxy-4-methylcyclohexa-3,5-diene-1-carboxylate; 1,2-Dihydroxy-6-methylcyclohexa-3,5-dienecarboxylate; 2-Hydroxy-6-oxo-7-methylocta-2,4-dienoate; 2,3-Dihydroxy-p-cumate; cis-2,3-Dihydroxy-2,3-dihydro-p-cumate"
"Zeatin biosynthesis","Acetate; 3-Methyl-2-butenal; O-Acetyl-L-serine; Zeatin; cis-Zeatin; AMP; ADP; ATP"
